{
   "audioDistanceMult" : 1.0,
   "audios" : [
      {
         "fileName" : "wail_moto_1.wav",
         "volume" : 0.73000025749206543
      },
      {
         "fileName" : "horn_1.wav",
         "volume" : 1.0
      },
      {
         "fileName" : "9W9J2R9oWH8_moto_yelp1 com ruido.wav",
         "volume" : 1.0
      },
      {
         "fileName" : "9W9J2R9oWH8_moto_pierce1.wav",
         "volume" : 1.0
      },
      {
         "fileName" : "p9vLKW4yZR8_hi_lo_carro_1.wav",
         "volume" : 0.72000026702880859
      },
      {
         "fileName" : "p9vLKW4yZR8_yelp.wav",
         "volume" : 1.0
      },
      {
         "fileName" : "p9vLKW4yZR8_pierce.wav",
         "volume" : 1.0
      },
      {
         "fileName" : "horn_3.wav",
         "volume" : 1.0
      }
   ],
   "sirens" : [
      {
         "horn" : 1,
         "modelId" : 523,
         "sirens" : [ 0, 2, 3, 4 ]
      },
      {
         "horn" : 7,
         "modelId" : 596,
         "sirens" : [ 5, 6, 4 ]
      },
      {
         "horn" : 7,
         "modelId" : 597,
         "sirens" : [ 5, 6, 4 ]
      },
      {
         "horn" : 7,
         "modelId" : 598,
         "sirens" : [ 5, 6, 4 ]
      },
      {
         "horn" : 7,
         "modelId" : 599,
         "sirens" : [ 6, 4 ]
      }
   ],
   "volume" : 1.0
}
